Address,Value,PreviousValue,InitialValue
0x0010f018,0x000003e4,0x000003e4,0x00000000
0x0010f094,0x37303300,0x37303300,0x00000000
0x0010f1b8,0x007ef330,0x007ef330,0x00000000
0x0010f1f8,0x00000030,0x00000030,0x0010f270
0x00470f78,0x005509dc,0x005509dc,0x0054fd7c
0x00470fec,0x0054fb04,0x0054fb04,0x00000000
0x00470ff0,0x00550450,0x00550450,0x0054eda4
0x00471018,0x00000000,0x00000000,0x00000000
0x00484f9c,0x000000bc,0x000000bc,0x000000bc
0x004d8350,0x000015fe,0x000015fe,0x004e0000
0x004d83f0,0x00001622,0x00001622,0x00000000
0x004d8430,0x00000030,0x00000030,0x00008427
0x004d85e8,0x17231100,0x17231100,0x00000000
0x004d85ec,0x07ea0310,0x07ea0310,0x00000000
0x004d85f0,0x000015ff,0x000015ff,0x00000000
0x004d85f8,0x17231100,0x17231100,0x00000000
0x004d85fc,0x07ea0310,0x07ea0310,0x00000000
0x004d88a0,0x00001622,0x00001622,0x00000001
0x004d88e0,0x00000030,0x00000030,0x00008427
0x005039b8,0x00000234,0x00000234,0x00000234
0x00503bf4,0x0051ad10,0x0051ad10,0x0051ad10
0x00503bf8,0xcf801fe1,0xcf801fe1,0xcf801fe1
0x00503c00,0x0000000c,0x0000000c,0x0000000c
0x005075b8,0x0051ad10,0x0051ad10,0x0051ad10
0x005075bc,0xcf801fe1,0xcf801fe1,0xcf801fe1
0x005075c4,0x00000008,0x00000008,0x00000008
0x0050ec44,0x00000000,0x00000000,0x00000000
0x00517548,0x0051ad10,0x0051ad10,0x0051ad10
0x0051754c,0xcf801fe1,0xcf801fe1,0xcf801fe1
0x00517554,0x00000008,0x00000008,0x00000008
0x00535574,0x0054f834,0x0054f834,0x0054ed80
0x005496d4,0x00000000,0x00000000,0x00470fe8
0x00549744,0x00000000,0x00000000,0x0054ed80
0x00549758,0x0054946c,0x0054946c,0x0054ed10
0x0054975c,0x00549a2c,0x00549a2c,0x0054f020
0x00549794,0x00000000,0x00000000,0x433e0000
0x005497a0,0x00000000,0x00000000,0x076c04b0
0x005497f4,0x3f800000,0x3f800000,0x433e0000
0x00549800,0x00000000,0x00000000,0x076c04b0
0x00549864,0x00000000,0x00000000,0x433e0000
0x00549870,0x00063799,0x00063799,0x076c04b0
0x00549a64,0x00550170,0x00550170,0x42a751eb
0x00549a70,0x00000000,0x00000000,0x026d03f2
0x00549ac4,0x00000000,0x00000000,0x42a751eb
0x00549ad0,0x3f800000,0x3f800000,0x026d03f2
0x00549b34,0x3f800000,0x3f800000,0x4388d47a
0x00549b40,0x00000000,0x00000000,0x09d808a2
0x00549b78,0x00000000,0x00000000,0x43460000
0x0054eaa4,0x00000000,0x00000000,0x0054eda4
0x0054eab8,0x00000000,0x00000000,0x00000000
0x0054eabc,0x00000000,0x00000000,0x00000000
0x0054eaf4,0x00000000,0x00000000,0x42e8ae13
0x0054eb00,0x00000000,0x00000000,0x03b4042e
0x0054eb54,0x00000000,0x00000000,0x42e8ae13
0x0054eb60,0x00000000,0x00000000,0x03b4042e
0x0054ebc4,0x00000000,0x00000000,0x43992b84
0x0054ebd0,0x00000000,0x00000000,0x0b1f08de
0x0054ec08,0x00000000,0x00000000,0x433a0000
0x0054ed08,0x00000000,0x00000000,0x00000290
0x0054ed14,0x00000000,0x00000000,0x0054f800
0x0054ed18,0x0054fd4c,0x0054fd4c,0x003e5080
0x0054ed1c,0x0054efac,0x0054efac,0x00016000
0x0054ed24,0x00000000,0x00000000,0x00000000
0x0054ed28,0x00000000,0x00000000,0x00000000
0x0054ed2c,0x00000000,0x00000000,0xf269bd1b
0x0054ed34,0x003f73b8,0x003f73b8,0x5b9da842
0x0054ed5c,0x0054f2a4,0x0054f2a4,0x0054efec
0x0054ed7c,0x00000000,0x00000000,0x3f800000
0x0054ed80,0x00000000,0x00000000,0x00535570
0x0054ed84,0x00000000,0x00000000,0x00000000
0x0054ed88,0x00000000,0x00000000,0x00549740
0x0054ed8c,0x3f800000,0x3f800000,0x0054efb0
0x0054ed90,0x44198000,0x44198000,0x0054f2e4
0x0054ed98,0x00000000,0x00000000,0x00000000
0x0054ed9c,0x00000000,0x00000000,0x00000000
0x0054eda4,0x00000000,0x00000000,0x005496d0
0x0054eda8,0x03e803e8,0x03e803e8,0x00470fe8
0x0054edac,0x3f800000,0x3f800000,0x0054eaa0
0x0054edd0,0x3f800000,0x3f800000,0x43a00000
0x0054edd4,0x00000000,0x00000000,0x43700000
0x0054ede0,0x00000000,0x00000000,0x00000000
0x0054ee08,0x03e803e8,0x03e803e8,0x80808080
0x0054ee30,0x00063799,0x00063799,0x43a00000
0x0054ee34,0x00000000,0x00000000,0x43700000
0x0054ee40,0x3f800000,0x3f800000,0x00000000
0x0054ee5c,0x3f800000,0x3f800000,0x3a83126f
0x0054ee68,0x00000000,0x00000000,0x80808080
0x0054eea4,0x3f800000,0x3f800000,0x43700000
0x0054eeb0,0x00000000,0x00000000,0x00000000
0x0054eecc,0x000000ff,0x000000ff,0x3a83126f
0x0054eee8,0x00000000,0x00000000,0x44200000
0x0054eeec,0x00000000,0x00000000,0x43f00000
0x0054eef8,0x3f800000,0x3f800000,0x43f00000
0x0054ef00,0x00000000,0x00000000,0x40000000
0x0054ef90,0x00000000,0x00000000,0x00000000
0x0054ef94,0xb12b510a,0xb12b510a,0x00000000
0x0054ef98,0x00000000,0x00000000,0x00000000
0x0054ef9c,0x00000000,0x00000000,0x00000000
0x0054efa0,0x0070e9e8,0x0070e9e8,0x005b1020
0x0054efa4,0x00000000,0x00000000,0xcf801fe1
0x0054efb8,0x0054ed0c,0x0054ed0c,0x003e5350
0x0054efbc,0x0054f24c,0x0054f24c,0x0001c000
0x0054efc0,0x003e5720,0x003e5720,0x00470f68
0x0054efd4,0x003f73b8,0x003f73b8,0xb12b510a
0x0054efe4,0x0054f280,0x0054f280,0x00000000
0x0054efe8,0x0054ed40,0x0054ed40,0x00000000
0x0054eff4,0x00000000,0x00000000,0x00000000
0x0054eff8,0x0054f210,0x0054f210,0x0054ed4c
0x0054effc,0x00550730,0x00550730,0x0054f28c
0x0054f000,0x00000000,0x00000000,0x003e5720
0x0054f004,0x0054ecd0,0x0054ecd0,0x00000000
0x0054f008,0x00000000,0x00000000,0x00000000
0x0054f00c,0x0054fd98,0x0054fd98,0x00000000
0x0054f014,0x00000000,0x00000000,0x003f73b8
0x0054f020,0x00000000,0x00000000,0x0054ed10
0x0054f030,0x41b00000,0x41b00000,0x00000000
0x0054f038,0x00000000,0x00000000,0x0054f250
0x0054f03c,0x00000000,0x00000000,0x0054f584
0x0054f040,0x0f64008c,0x0f64008c,0x00000000
0x0054f050,0x3f800000,0x3f800000,0x3f800000
0x0054f054,0x3f800000,0x3f800000,0x00000000
0x0054f058,0x3f800000,0x3f800000,0x00000000
0x0054f05c,0x00000000,0x00000000,0x00000000
0x0054f060,0x00000000,0x00000000,0x00000000
0x0054f064,0x00000000,0x00000000,0x00000000
0x0054f068,0x40808080,0x40808080,0x00000000
0x0054f070,0x3f800000,0x3f800000,0x439f0000
0x0054f078,0x00000000,0x00000000,0x00000000
0x0054f07c,0x00000000,0x00000000,0x00000000
0x0054f084,0x00000000,0x00000000,0x00000000
0x0054f08c,0x3f800000,0x3f800000,0x41900000
0x0054f094,0x43d50000,0x43d50000,0x41900000
0x0054f0a8,0x03e803e8,0x03e803e8,0x40808080
0x0054f0b0,0x3f800000,0x3f800000,0x3f800000
0x0054f0b4,0x3f800000,0x3f800000,0x00000000
0x0054f0c0,0x00000000,0x00000000,0x00000000
0x0054f0c8,0x40808080,0x40808080,0x00000000
0x0054f0d0,0x00063799,0x00063799,0x439f0000
0x0054f0d4,0x00000000,0x00000000,0x43d50000
0x0054f0d8,0x00000000,0x00000000,0x00000000
0x0054f0e0,0x3f800000,0x3f800000,0x0f64012c
0x0054f0e8,0x00000000,0x00000000,0x03e803e8
0x0054f10c,0x00000000,0x00000000,0x00000000
0x0054f114,0x00000000,0x00000000,0x00000000
0x0054f120,0x3f800000,0x3f800000,0x3f800000
0x0054f128,0x3f800000,0x3f800000,0x00000000
0x0054f12c,0x3a83126f,0x3a83126f,0x00000000
0x0054f130,0x00000000,0x00000000,0x00000000
0x0054f134,0x00000000,0x00000000,0x00000000
0x0054f138,0x80808080,0x80808080,0x00000000
0x0054f144,0x3f800000,0x3f800000,0x43d528ad
0x0054f148,0x41800000,0x41800000,0x00000000
0x0054f150,0x00000000,0x00000000,0x0f640128
0x0054f15c,0x80808080,0x80808080,0x41900000
0x0054f164,0x3f800000,0x3f800000,0x3f800000
0x0054f16c,0x000000ff,0x000000ff,0x3a83126f
0x0054f17c,0x00000000,0x00000000,0x00000000
0x0054f180,0x00000000,0x00000000,0x00000000
0x0054f184,0x3f800000,0x3f800000,0x3f800000
0x0054f190,0x00000000,0x00000000,0x00000000
0x0054f198,0x3f800000,0x3f800000,0x00000000
0x0054f19c,0x00000000,0x00000000,0x80808080
0x0054f1a0,0x00000000,0x00000000,0x43960000
0x0054f1a8,0x00000000,0x00000000,0x00000000
0x0054f1ac,0x3f800000,0x3f800000,0x000000ff
0x0054f1b0,0x3f800000,0x3f800000,0x3f800000
0x0054f1b8,0x00000000,0x00000000,0x00000000
0x0054f1c4,0x3f800000,0x3f800000,0x3f800000
0x0054f1c8,0x00000000,0x00000000,0x00000000
0x0054f1cc,0x00000000,0x00000000,0x00000000
0x0054f1d8,0x3f800000,0x3f800000,0x3f800000
0x0054f1dc,0x00000000,0x00000000,0x00000000
0x0054f1e0,0x00000000,0x00000000,0x00000000
0x0054f1e4,0x00000000,0x00000000,0x00000000
0x0054f1ec,0x3f800000,0x3f800000,0x3f800000
0x0054f230,0x00000000,0x00000000,0x11087a1a
0x0054f234,0xccded1e1,0xccded1e1,0x00000001
0x0054f240,0x0070e920,0x0070e920,0x005b1020
0x0054f244,0x00000000,0x00000000,0xcf801fe1
0x0054f258,0x0054efac,0x0054efac,0x003e5350
0x0054f25c,0x005506fc,0x005506fc,0x0001c000
0x0054f260,0x003e5720,0x003e5720,0x00470f68
0x0054f270,0x00000000,0x00000000,0x00000000
0x0054f274,0x003f73b8,0x003f73b8,0xb12b510a
0x0054f278,0x0054f210,0x0054f210,0x00000000
0x0054f27c,0x3f800000,0x3f800000,0x00000000
0x0054f284,0x00000000,0x00000000,0x00000000
0x0054f290,0x00550a34,0x00550a34,0x0054f250
0x0054f298,0x00000000,0x00000000,0x0054efec
0x0054f2c0,0x00000000,0x00000000,0x0054ed10
0x0054f2c4,0x00000000,0x00000000,0x0054f560
0x0054f2c8,0x00000000,0x00000000,0x0054f020
0x0054f2d4,0x43d38000,0x43d38000,0x00000000
0x0054f2d8,0x00000000,0x00000000,0x0054f4f0
0x0054f2dc,0x00000000,0x00000000,0x0054f824
0x0054f2e0,0x0f800820,0x0f800820,0x00000000
0x0054f2e4,0x00000000,0x00000000,0x0054efb0
0x0054f2e8,0x03e803e8,0x03e803e8,0x00000000
0x0054f2ec,0x3f800000,0x3f800000,0x0054ed8c
0x0054f2f0,0x3f800000,0x3f800000,0x3f800000
0x0054f2f4,0x3f800000,0x3f800000,0x00000000
0x0054f300,0x00000000,0x00000000,0x00000000
0x0054f310,0x3f800000,0x3f800000,0x44198000
0x0054f318,0x00000000,0x00000000,0x00000000
0x0054f31c,0x00000000,0x00000000,0x00000000
0x0054f320,0x00000000,0x00000000,0x0f6417ac
0x0054f32c,0x3f800000,0x3f800000,0x3f800000
0x0054f330,0x439f0000,0x439f0000,0x3f800000
0x0054f334,0x43d38000,0x43d38000,0x3f800000
0x0054f338,0x00000000,0x00000000,0x3f800000
0x0054f33c,0x00000000,0x00000000,0x00000000
0x0054f340,0x0f800820,0x0f800820,0x00000000
0x0054f344,0x00000000,0x00000000,0x00000000
0x0054f348,0x03e803e8,0x03e803e8,0x40808080
0x0054f350,0x3f800000,0x3f800000,0x3f800000
0x0054f364,0x00000000,0x00000000,0x00000000
0x0054f36c,0x00000000,0x00000000,0x3f800000
0x0054f370,0x00063799,0x00063799,0x44198000
0x0054f380,0x3f800000,0x3f800000,0x0f6417ac
0x0054f390,0x00000000,0x00000000,0x3f800000
0x0054f394,0x00000000,0x00000000,0x3f800000
0x0054f3a0,0x439ec9d6,0x439ec9d6,0x00000000
0x0054f3a8,0x00000000,0x00000000,0x40808080
0x0054f3ac,0x00000000,0x00000000,0x00000000
0x0054f3b4,0x00000000,0x00000000,0x00000000
0x0054f3b8,0x03e803e8,0x03e803e8,0x00000000
0x0054f3c0,0x3f800000,0x3f800000,0x3f800000
0x0054f3c8,0x3f800000,0x3f800000,0x00000000
0x0054f3d0,0x00000000,0x00000000,0x00000000
0x0054f3e4,0x3f800000,0x3f800000,0x43d54e90
0x0054f3ec,0x41d0cccc,0x41d0cccc,0x00000000
0x0054f3f0,0x00000000,0x00000000,0x0f6a17a8
0x0054f3f4,0x00000000,0x00000000,0x00000000
0x0054f3fc,0x80808080,0x80808080,0x3f800000
0x0054f400,0x40400000,0x40400000,0x3f800000
0x0054f404,0x3f800000,0x3f800000,0x3f800000
0x0054f408,0x00000000,0x00000000,0x3f800000
0x0054f40c,0x000000ff,0x000000ff,0x3a83126f
0x0054f414,0x00000000,0x00000000,0x00000000
0x0054f418,0x00000000,0x00000000,0x80808080
0x0054f424,0x3f800000,0x3f800000,0x3f800000
0x0054f428,0x00000000,0x00000000,0x41800000
0x0054f430,0x00000000,0x00000000,0x00000000
0x0054f440,0x00000000,0x00000000,0x43960000
0x0054f44c,0x3f800000,0x3f800000,0x000000ff
0x0054f450,0x3f800000,0x3f800000,0x3f800000
0x0054f45c,0x00000000,0x00000000,0x00000000
0x0054f460,0x00000000,0x00000000,0x00000000
0x0054f464,0x3f800000,0x3f800000,0x3f800000
0x0054f470,0x00000000,0x00000000,0x00000000
0x0054f478,0x3f800000,0x3f800000,0x3f800000
0x0054f47c,0x00000000,0x00000000,0x00000000
0x0054f480,0x00000000,0x00000000,0x00000000
0x0054f484,0x00000000,0x00000000,0x00000000
0x0054f488,0x00000000,0x00000000,0x00000000
0x0054f48c,0x3f800000,0x3f800000,0x3f800000
0x0054f490,0xffffffff,0xffffffff,0x3f800000
0x0054f498,0x00000000,0x00000000,0x00000000
0x0054f4a8,0x00000000,0x00000000,0x00000000
0x0054f4ac,0x00000000,0x00000000,0x00000000
0x0054f4b8,0x41f00000,0x41f00000,0x3f800000
0x0054f4bc,0x00000001,0x00000001,0x00000000
0x0054f4c0,0x00000001,0x00000001,0x00000000
0x0054f4c4,0xffffffff,0xffffffff,0x00000000
0x0054f4cc,0x00000000,0x00000000,0x3f800000
0x0054f4d0,0x0054ffa0,0x0054ffa0,0x505abd65
0x0054f4e0,0x505abd65,0x505abd65,0x005b1020
0x0054f4e4,0x00000001,0x00000001,0xcf801fe1
0x0054f4e8,0x007a52a0,0x007a52a0,0x00000290
0x0054f4f4,0xdeaddead,0xdeaddead,0x0054f824
0x0054f4f8,0x00000290,0x00000290,0x003e5350
0x0054f510,0x00000000,0x00000000,0x00000000
0x0054f524,0xb12b510a,0xb12b510a,0x00000000
0x0054f530,0x0070e9e8,0x0070e9e8,0x0054f4f0
0x0054f538,0x00000000,0x00000000,0x0054f28c
0x0054f540,0x0054f500,0x0054f500,0x003e5720
0x0054f54c,0x0054f53c,0x0054f53c,0x00000000
0x0054f550,0x003e5720,0x003e5720,0x00000000
0x0054f554,0x00000000,0x00000000,0x003f73b8
0x0054f558,0x00000000,0x00000000,0x0054f4f0
0x0054f55c,0x00000000,0x00000000,0x3f800000
0x0054f564,0x003f72d0,0x003f72d0,0x0054f800
0x0054f568,0x0054f500,0x0054f500,0x0054f2c0
0x0054f578,0x00000000,0x00000000,0x0054f790
0x0054f5a0,0x3f800000,0x3f800000,0x00000000
0x0054f5a4,0x00000000,0x00000000,0x00000000
0x0054f5a8,0x00000000,0x00000000,0x00000000
0x0054f5b4,0x00000000,0x00000000,0x43d50000
0x0054f5b8,0x00000000,0x00000000,0x00000000
0x0054f5bc,0x3f800000,0x3f800000,0x00000000
0x0054f5c0,0x41b00000,0x41b00000,0x0f64008c
0x0054f5cc,0x00000000,0x00000000,0x3f800000
0x0054f5d0,0x0f64008c,0x0f64008c,0x3f800000
0x0054f5d4,0x00000000,0x00000000,0x3f800000
0x0054f5d8,0x03e803e8,0x03e803e8,0x3f800000
0x0054f5e0,0x3f800000,0x3f800000,0x00000000
0x0054f5e8,0x3f800000,0x3f800000,0x40808080
0x0054f5f0,0x00000000,0x00000000,0x3f800000
0x0054f5f8,0x40808080,0x40808080,0x00000000
0x0054f5fc,0x00000000,0x00000000,0x00000000
0x0054f600,0x3f800000,0x3f800000,0x00000000
0x0054f614,0x00000000,0x00000000,0x43d50000
0x0054f618,0x00000000,0x00000000,0x00000000
0x0054f620,0x41b00000,0x41b00000,0x0f64008c
0x0054f628,0x00000000,0x00000000,0x03e803e8
0x0054f62c,0x00000000,0x00000000,0x3f800000
0x0054f630,0x0f64008c,0x0f64008c,0x3f800000
0x0054f638,0x03e803e8,0x03e803e8,0x3f800000
0x0054f644,0x3f800000,0x3f800000,0x00000000
0x0054f648,0x3f800000,0x3f800000,0x40808080
0x0054f64c,0x00000000,0x00000000,0x00000000
0x0054f660,0x000624d9,0x000624d9,0x3f800000
0x0054f66c,0x00000000,0x00000000,0x00000000
0x0054f670,0x3f800000,0x3f800000,0x00000000
0x0054f674,0x00000000,0x00000000,0x00000000
0x0054f688,0x00000000,0x00000000,0x00000000
0x0054f690,0x41ac9787,0x41ac9787,0x0f640088
0x0054f694,0x43d502c9,0x43d502c9,0x00000000
0x0054f698,0x00000000,0x00000000,0x03e803e8
0x0054f69c,0x00000000,0x00000000,0x3f800000
0x0054f6a0,0x0f640088,0x0f640088,0x3f800000
0x0054f6a8,0x03e803e8,0x03e803e8,0x3f800000
0x0054f6ac,0x3f800000,0x3f800000,0x3a83126f
0x0054f6b8,0x3f800000,0x3f800000,0x80808080
0x0054f6c8,0x80808080,0x80808080,0x41800000
0x0054f6cc,0x00000000,0x00000000,0x42000000
0x0054f6d0,0x00000000,0x00000000,0x00000000
0x0054f6d4,0x3f800000,0x3f800000,0x00000000
0x0054f6dc,0x42000000,0x42000000,0x80808080
0x0054f6e8,0x00000000,0x00000000,0x00000000
0x0054f6ec,0x80808080,0x80808080,0x000000ff
0x0054f6f8,0x00000000,0x00000000,0x00000000
0x0054f6fc,0x000000ff,0x000000ff,0x00000000
0x0054f708,0x00000000,0x00000000,0x00000000
0x0054f710,0x00000000,0x00000000,0x00000000
0x0054f720,0x00000000,0x00000000,0x00000000
0x0054f740,0x3f800000,0x3f800000,0x00000000
0x0054f744,0x00000000,0x00000000,0x3f800000
0x0054f758,0x00000000,0x00000000,0x3f800000
0x0054f75c,0x00000000,0x00000000,0x00000000
0x0054f760,0x00000000,0x00000000,0x00000000
0x0054f764,0x00000000,0x00000000,0x00000000
0x0054f76c,0x00000000,0x00000000,0x3f800000
0x0054f780,0x505abd65,0x505abd65,0x005b1020
0x0054f784,0x00000001,0x00000001,0xcf801fe1
0x0054f788,0x007a52b8,0x007a52b8,0x000002c0
0x0054f78c,0x00000000,0x00000000,0x00000000
0x0054f794,0xcf801fe1,0xcf801fe1,0x0054fdb0
0x0054f798,0x000002c0,0x000002c0,0x003e58a0
0x0054f79c,0x00000000,0x00000000,0x00014000
0x0054f7a0,0x00000000,0x00000000,0x00470f68
0x0054f7a4,0x0054fb04,0x0054fb04,0x00000000
0x0054f7b0,0x00470f68,0x00470f68,0x00000000
0x0054f7b4,0x00738f2c,0x00738f2c,0xccded1e1
0x0054f7c4,0x130ef802,0x130ef802,0x00000000
0x0054f7d0,0x0070e620,0x0070e620,0x0054f790
0x0054f7d8,0x00000000,0x00000000,0x0054f52c
0x0054f7e0,0x0054f7a0,0x0054f7a0,0x003e5720
0x0054f7ec,0x0054946c,0x0054946c,0x00000000
0x0054f7f0,0x003e5720,0x003e5720,0x00000000
0x0054f804,0x003f73b8,0x003f73b8,0x00000000
0x0054f808,0x0054f7a0,0x0054f7a0,0x0054f560
0x0054f80c,0x3f800000,0x3f800000,0x0054fa60
0x0054f810,0x0054ea30,0x0054ea30,0x0054fdd4
0x0054f818,0x005355e0,0x005355e0,0x00000000
0x0054f82c,0x0054fd80,0x0054fd80,0x0054f2d8
0x0054f840,0x3f800000,0x3f800000,0x00000000
0x0054f844,0x00000000,0x00000000,0x00000000
0x0054f848,0x00000000,0x00000000,0x00000000
0x0054f854,0x00000000,0x00000000,0x43d38000
0x0054f858,0x00000000,0x00000000,0x00000000
0x0054f85c,0x3f800000,0x3f800000,0x00000000
0x0054f860,0x43a00000,0x43a00000,0x0f800820
0x0054f86c,0x00000000,0x00000000,0x3f800000
0x0054f870,0x080204b0,0x080204b0,0x3f800000
0x0054f874,0x00000000,0x00000000,0x3f800000
0x0054f878,0x03e803e8,0x03e803e8,0x3f800000
0x0054f880,0x3f800000,0x3f800000,0x00000000
0x0054f888,0x3f800000,0x3f800000,0x80808080
0x0054f890,0x00000000,0x00000000,0x3f800000
0x0054f898,0x80808080,0x80808080,0x00000000
0x0054f89c,0x00000000,0x00000000,0x00000000
0x0054f8a0,0x3f800000,0x3f800000,0x00000000
0x0054f8b4,0x00000000,0x00000000,0x43d38000
0x0054f8b8,0x00000000,0x00000000,0x00000000
0x0054f8c0,0x43a00000,0x43a00000,0x0f800820
0x0054f8c4,0x434d0000,0x434d0000,0x00000000
0x0054f8c8,0x00000000,0x00000000,0x03e803e8
0x0054f8d0,0x080204b0,0x080204b0,0x3f800000
0x0054f8d8,0x03e803e8,0x03e803e8,0x3f800000
0x0054f8dc,0x3f800000,0x3f800000,0x00000000
0x0054f8e8,0x3f800000,0x3f800000,0x80808080
0x0054f900,0x00063799,0x00063799,0x3f800000
0x0054f90c,0x00000000,0x00000000,0x00000000
0x0054f910,0x3f800000,0x3f800000,0x00000000
0x0054f914,0x00000000,0x00000000,0x00000000
0x0054f920,0x00000000,0x00000000,0x439ec9d6
0x0054f928,0x00000000,0x00000000,0x00000000
0x0054f92c,0x3f800000,0x3f800000,0x00000000
0x0054f930,0x43a00000,0x43a00000,0x0f82081c
0x0054f934,0x434d0000,0x434d0000,0x00000000
0x0054f938,0x00000000,0x00000000,0x03e803e8
0x0054f940,0x080204b0,0x080204b0,0x3f800000
0x0054f948,0x03e803e8,0x03e803e8,0x3f800000
0x0054f94c,0x3f800000,0x3f800000,0x3a83126f
0x0054f958,0x3f800000,0x3f800000,0x80808080
0x0054f968,0x80808080,0x80808080,0x435be665
0x0054f96c,0x00000000,0x00000000,0x41d0cccc
0x0054f970,0x00000000,0x00000000,0x00000000
0x0054f974,0xbf800000,0xbf800000,0x00000000
0x0054f97c,0x43480000,0x43480000,0x80808080
0x0054f980,0x00000000,0x00000000,0x40400000
0x0054f984,0x43c80000,0x43c80000,0x3f800000
0x0054f988,0x43480000,0x43480000,0x00000000
0x0054f98c,0x80808080,0x80808080,0x000000ff
0x0054f994,0x3f800000,0x3f800000,0x00000000
0x0054f998,0x00000000,0x00000000,0x00000000
0x0054f9a8,0x00000000,0x00000000,0x00000000
0x0054f9b0,0x00000000,0x00000000,0x00000000
0x0054f9c0,0x00000000,0x00000000,0x00000000
0x0054f9e0,0x3f800000,0x3f800000,0x00000000
0x0054f9e4,0x00000000,0x00000000,0x3f800000
0x0054f9f0,0x00000000,0x00000000,0x00000000
0x0054f9f8,0x00000000,0x00000000,0x3f800000
0x0054f9fc,0x00000000,0x00000000,0x00000000
0x0054fa00,0x00000000,0x00000000,0x00000000
0x0054fa04,0x00000000,0x00000000,0x00000000
0x0054fa0c,0x00000000,0x00000000,0x3f800000
0x0054fa18,0x00000000,0x00000000,0x00000000
0x0054fa24,0xc17e45c5,0xc17e45c5,0x00000000
0x0054fa28,0x00000001,0x00000001,0x00000000
0x0054fa2c,0x00000000,0x00000000,0x00000000
0x0054fa38,0x00000001,0x00000001,0x41f00000
0x0054fa3c,0x00000000,0x00000000,0x00000001
0x0054fa40,0x00000000,0x00000000,0x00000001
0x0054fa4c,0x00000001,0x00000001,0x00000000
0x0054fa50,0x00000001,0x00000001,0x005b1020
0x0054fa54,0xffffffff,0xffffffff,0xcf801fe1
0x0054fa64,0xcf801fe1,0xcf801fe1,0x0054fdd4
0x0054fa68,0x00000290,0x00000290,0x003e5260
0x0054fa78,0x003e5080,0x003e5080,0x00000000
0x0054fa8c,0xf269bd1b,0xf269bd1b,0x00000000
0x0054faa0,0x0070e7a0,0x0070e7a0,0x0054fa60
0x0054faa4,0x00000000,0x00000000,0x00000000
0x0054fab0,0x0054fa70,0x0054fa70,0x003e5720
0x0054fab8,0x0055041c,0x0055041c,0x00000000
0x0054fad0,0x00000000,0x00000000,0x0054f790
0x0054fad4,0x003f73b8,0x003f73b8,0x0054fdb0
0x0054fad8,0x0054fa70,0x0054fa70,0x0054f578
0x0054fae0,0x0054ea30,0x0054ea30,0x00000000
0x0054fae4,0x00000000,0x00000000,0x00000000
0x0054fae8,0x00536a28,0x00536a28,0x0054fd40
0x0054faf4,0x00000000,0x00000000,0x00000000
0x0054faf8,0x00000000,0x00000000,0x00000000
0x0054fafc,0x00000000,0x00000000,0x00000000
0x0054fb00,0x00000000,0x00000000,0x3f800000
0x0054fb0c,0x00470fe8,0x00470fe8,0x00000000
0x0054fb14,0x00000000,0x00000000,0x00000000
0x0054fb20,0x00000000,0x00000000,0x4245ffff
0x0054fb30,0x43a00000,0x43a00000,0xfff2ffc9
0x0054fb38,0x00000000,0x00000000,0x03e803e8
0x0054fb3c,0x00000000,0x00000000,0x3f800000
0x0054fb40,0x00000000,0x00000000,0x3f800000
0x0054fb48,0x03e803e8,0x03e803e8,0x3f800000
0x0054fb54,0x3f800000,0x3f800000,0x00000000
0x0054fb58,0x3f800000,0x3f800000,0x80646464
0x0054fb5c,0x3a83126f,0x3a83126f,0x00000000
0x0054fb60,0x00000000,0x00000000,0x3f800000
0x0054fb64,0x00000000,0x00000000,0x00000000
0x0054fb68,0x80808080,0x80808080,0x00000000
0x0054fb78,0x00000000,0x00000000,0x00000000
0x0054fb7c,0x00000000,0x00000000,0x3f800000
0x0054fb84,0x00000000,0x00000000,0x4150cccc
0x0054fb8c,0x3f800000,0x3f800000,0x00000000
0x0054fb90,0x43a00000,0x43a00000,0xfff2ffc9
0x0054fba8,0x03e803e8,0x03e803e8,0x3f800000
0x0054fbb0,0x3f800000,0x3f800000,0x00000000
0x0054fbb4,0x3f800000,0x3f800000,0x00000000
0x0054fbb8,0x3f800000,0x3f800000,0x80646464
0x0054fbc8,0x80808080,0x80808080,0x00000000
0x0054fbcc,0x00000000,0x00000000,0x00000000
0x0054fbd4,0x00000000,0x00000000,0x00000000
0x0054fbd8,0x00000000,0x00000000,0x00000000
0x0054fbe8,0x00000000,0x00000000,0x00000000
0x0054fbf0,0x00000000,0x00000000,0x43808b1f
0x0054fc00,0x43a00000,0x43a00000,0x0f7307e5
0x0054fc10,0x00000000,0x00000000,0x3f800000
0x0054fc14,0x00000000,0x00000000,0x3f800000
0x0054fc18,0x03e803e8,0x03e803e8,0x3f800000
0x0054fc1c,0x3f800000,0x3f800000,0x3a83126f
0x0054fc20,0x3f800000,0x3f800000,0x00000000
0x0054fc28,0x3f800000,0x3f800000,0x80808080
0x0054fc2c,0x3a83126f,0x3a83126f,0x00000000
0x0054fc30,0x00000000,0x00000000,0x00000000
0x0054fc34,0x00000000,0x00000000,0x00000000
0x0054fc38,0x80808080,0x80808080,0x42dc0000
0x0054fc48,0x44200000,0x44200000,0x00000000
0x0054fc4c,0x43f00000,0x43f00000,0x80808080
0x0054fc50,0x00000000,0x00000000,0x43970000
0x0054fc54,0x44200000,0x44200000,0x3f800000
0x0054fc5c,0x80808080,0x80808080,0x000000ff
0x0054fc7c,0x00000000,0x00000000,0x00000000
0x0054fc80,0x00000000,0x00000000,0x00000000
0x0054fc84,0x3f800000,0x3f800000,0x00000000
0x0054fc90,0x00000000,0x00000000,0x00000000
0x0054fc98,0x3f800000,0x3f800000,0x00000000
0x0054fca4,0x00000000,0x00000000,0x00000000
0x0054fca8,0x00000000,0x00000000,0x00000000
0x0054fcac,0x3f800000,0x3f800000,0x00000000
0x0054fcb8,0x00000000,0x00000000,0x00000000
0x0054fcc8,0x00000000,0x00000000,0x3f800000
0x0054fccc,0x00000000,0x00000000,0x00000000
0x0054fcdc,0x00000000,0x00000000,0x3f800000
0x0054fce4,0x00000000,0x00000000,0xb692837a
0x0054fcf0,0x00000000,0x00000000,0x00000000
0x0054fd04,0xcf801fe1,0xcf801fe1,0x00000000
0x0054fd08,0x00000290,0x00000290,0x80000000
0x0054fd18,0x003e5350,0x003e5350,0x00000000
0x0054fd2c,0x9a39e289,0x9a39e289,0x00000000
0x0054fd30,0x00000000,0x00000000,0x005b1020
0x0054fd34,0xb12b510a,0xb12b510a,0xcf801fe1
0x0054fd44,0x00000000,0x00000000,0x0054fae8
0x0054fd50,0x0054fd10,0x0054fd10,0x00470f68
0x0054fd58,0x0054faac,0x0054faac,0x00000000
0x0054fd6c,0x00000000,0x00000000,0x00000000
0x0054fd74,0x003f73b8,0x003f73b8,0x00000000
0x0054fd78,0x0054fd10,0x0054fd10,0x00000000
0x0054fd80,0x0054fa70,0x0054fa70,0x0054fd40
0x0054fd84,0x0054ed40,0x0054ed40,0x00000000
0x0054fd88,0x0054f828,0x0054f828,0x0054fa9c
0x0054fd94,0x00000000,0x00000000,0x00000000
0x0054fd98,0x0054ecd0,0x0054ecd0,0x00000000
0x0054fd9c,0x0054f004,0x0054f004,0x00000000
0x0054fda0,0x00000000,0x00000000,0x00000000
0x0054fdac,0x00000000,0x00000000,0x3f800000
0x0054fdb0,0x3f800000,0x3f800000,0x0054f790
0x0054fdb4,0x00000000,0x00000000,0x00000000
0x0054fdc0,0x00000000,0x00000000,0x00000000
0x0054fdd0,0x439f0000,0x439f0000,0x00000000
0x0054fdd4,0x43d50000,0x43d50000,0x0054fa60
0x0054fdd8,0x00000000,0x00000000,0x00000000
0x0054fddc,0x00000000,0x00000000,0x0054f80c
0x0054fde0,0x0f64012c,0x0f64012c,0x3f800000
0x0054fdf4,0x41900000,0x41900000,0x00000000
0x0054fdf8,0x3f800000,0x3f800000,0x00000000
0x0054fe00,0x00000000,0x00000000,0x432e7332
0x0054fe04,0x00000000,0x00000000,0x4150cccc
0x0054fe08,0x40808080,0x40808080,0x00000000
0x0054fe10,0x3f800000,0x3f800000,0xfff204d7
0x0054fe18,0x00000000,0x00000000,0x03e803e8
0x0054fe1c,0x00000000,0x00000000,0x3f800000
0x0054fe24,0x00000000,0x00000000,0x3f800000
0x0054fe2c,0x3f800000,0x3f800000,0x00000000
0x0054fe30,0x439f0000,0x439f0000,0x00000000
0x0054fe40,0x0f64012c,0x0f64012c,0x3f800000
0x0054fe4c,0x41900000,0x41900000,0x00000000
0x0054fe50,0x3f800000,0x3f800000,0x00000000
0x0054fe54,0x41900000,0x41900000,0x00000000
0x0054fe60,0x00000000,0x00000000,0x432e7332
0x0054fe68,0x40808080,0x40808080,0x00000000
0x0054fe6c,0x00000000,0x00000000,0x00000000
0x0054fe70,0x00063799,0x00063799,0xfff204d7
0x0054fe74,0x00000000,0x00000000,0x00000000
0x0054fe78,0x00000000,0x00000000,0x03e803e8
0x0054fe80,0x3f800000,0x3f800000,0x3f800000
0x0054fe88,0x00000000,0x00000000,0x3f800000
0x0054fe90,0x00000000,0x00000000,0x00000000
0x0054feac,0x00000000,0x00000000,0x00000000
0x0054feb0,0x0f640128,0x0f640128,0x3f800000
0x0054feb4,0x00000000,0x00000000,0x00000000
0x0054fec0,0x3f800000,0x3f800000,0x00000000
0x0054fec8,0x3f800000,0x3f800000,0x00000000
0x0054fed0,0x00000000,0x00000000,0x43bf04b7
0x0054fed4,0x00000000,0x00000000,0x43cd1cba
0x0054fed8,0x80808080,0x80808080,0x00000000
0x0054fee8,0x42000000,0x42000000,0x03e803e8
0x0054feec,0x42000000,0x42000000,0x3f800000
0x0054fef0,0x00000000,0x00000000,0x3f800000
0x0054fefc,0x80808080,0x80808080,0x3a83126f
0x0054ff00,0x43960000,0x43960000,0x00000000
0x0054ff1c,0x00000000,0x00000000,0x41e80000
0x0054ff20,0x00000000,0x00000000,0x00000000
0x0054ff24,0x3f800000,0x3f800000,0x00000000
0x0054ff30,0x00000000,0x00000000,0x43970000
0x0054ff38,0x3f800000,0x3f800000,0x00000000
0x0054ff3c,0x00000000,0x00000000,0x000000ff
0x0054ff44,0x00000000,0x00000000,0x00000000
0x0054ff48,0x00000000,0x00000000,0x00000000
0x0054ff4c,0x3f800000,0x3f800000,0x00000000
0x0054ff58,0x00000000,0x00000000,0x00000000
0x0054ff68,0x00000000,0x00000000,0x3f800000
0x0054ff6c,0x00000000,0x00000000,0x00000000
0x0054ff7c,0x00000000,0x00000000,0x3f800000
0x0054ff80,0x00000000,0x00000000,0x3f800000
0x0054ff84,0x00000000,0x00000000,0x00000000
0x0054ff8c,0x3f800000,0x3f800000,0x00000000
0x0054ff90,0x11087a1a,0x11087a1a,0x00000000
0x0054ff94,0x00000001,0x00000001,0x3f800000
0x0054ffa4,0x00000000,0x00000000,0x00000000
0x0054ffa8,0x00000140,0x00000140,0x3f800000
0x0054ffb8,0x00000000,0x00000000,0x00000000
0x0054ffc8,0x03e803e8,0x03e803e8,0x0078c910
0x0054ffd4,0x3f800000,0x3f800000,0x00000001
0x0054ffe4,0x00000000,0x00000000,0x00000000
0x0054ffe8,0x80808080,0x80808080,0x80000000
0x0054fff8,0x42f00000,0x42f00000,0x00000000
0x0055000c,0x80808080,0x80808080,0x00000000
0x00550014,0x3f800000,0x3f800000,0x00000000
0x00550018,0x00000000,0x00000000,0x00000000
0x00550020,0x3f800000,0x3f800000,0x00000000
0x00550024,0x00000000,0x00000000,0x00000000
0x00550028,0x00000000,0x00000000,0x00000000
0x0055004c,0x00000000,0x00000000,0x00000000
0x00550094,0x00000000,0x00000000,0x00000000
0x005500ec,0x00000000,0x00000000,0x00000000
0x005500f0,0x005b1020,0x005b1020,0x00000000
0x005500f4,0xcf801fe1,0xcf801fe1,0x00000000
0x00550108,0x003e5260,0x003e5260,0x00000000
0x0055010c,0x00014000,0x00014000,0x00000000
0x00550114,0x00736cb8,0x00736cb8,0x00000000
0x00550118,0x0077c3ac,0x0077c3ac,0x00000000
0x00550128,0x00000000,0x00000000,0x00000000
0x0055016c,0x3f428f5c,0x3f428f5c,0x00000000
0x00550170,0x0054f7a0,0x0054f7a0,0x00000000
0x00550174,0x00550450,0x00550450,0x00000000
0x00550178,0x00549a60,0x00549a60,0x00000000
0x00550188,0x005503e0,0x005503e0,0x00000000
0x005501c4,0x4304ae14,0x4304ae14,0x00000000
0x005501f8,0x80408080,0x80408080,0x00000000
0x00550204,0x00000000,0x00000000,0x00000000
0x00550220,0x43480000,0x43480000,0x00000000
0x00550224,0x4304ae14,0x4304ae14,0x00000000
0x0055022c,0x00000000,0x00000000,0x00000000
0x00550258,0x80408080,0x80408080,0x00000000
0x0055026c,0x00000000,0x00000000,0x00000000
0x00550284,0x00000000,0x00000000,0x00000000
0x00550298,0x00000000,0x00000000,0x00000000
0x005502b0,0x3f800000,0x3f800000,0x00000000
0x005502d4,0x00000000,0x00000000,0x00000000
0x005502d8,0x42920000,0x42920000,0x00000000
0x005502f0,0x40400000,0x40400000,0x00000000
0x005502f4,0x3f800000,0x3f800000,0x00000000
0x005502f8,0x00000000,0x00000000,0x00000000
0x0055030c,0x00000000,0x00000000,0x00000000
0x00550330,0x00000000,0x00000000,0x00000000
0x00550350,0x00000000,0x00000000,0x00000000
0x00550368,0x3f800000,0x3f800000,0x00000000
0x0055036c,0x00000000,0x00000000,0x00000000
0x00550374,0x00000000,0x00000000,0x00000000
0x005503bc,0x00000000,0x00000000,0x00000000
0x005503c0,0x00000000,0x00000000,0x00000000
0x005503c4,0x00000000,0x00000000,0x00000000
0x005503d8,0x000002d0,0x000002d0,0x00000000
0x005503dc,0x00000000,0x00000000,0x00000000
0x005503e4,0x007391e4,0x007391e4,0x00000000
0x00550430,0x003e5720,0x003e5720,0x00000000
0x00550444,0x003f73b8,0x003f73b8,0x00000000
0x00550448,0x005503e0,0x005503e0,0x00000000
0x00550458,0x00550170,0x00550170,0x00000000
0x0055047c,0x00736d78,0x00736d78,0x3f800000
0x00550480,0x3f800000,0x3f800000,0x3f800000
0x0055048c,0x00000000,0x00000000,0x00000000
0x00550490,0x00000000,0x00000000,0x00000000
0x005504ac,0x00000000,0x00000000,0x00000000
0x005504b4,0x00000000,0x00000000,0x00000000
0x005504b8,0x03e803e8,0x03e803e8,0x00000000
0x005504c8,0x3f800000,0x3f800000,0x00000000
0x005504dc,0x00000000,0x00000000,0x00000000
0x00550500,0x43480000,0x43480000,0x00000000
0x00550514,0x00000000,0x00000000,0x00000000
0x00550580,0x0d9f0b27,0x0d9f0b27,0x3f800000
0x00550584,0x00000000,0x00000000,0x00000000
0x00550588,0x03e803e8,0x03e803e8,0x00000000
0x0055058c,0x3f800000,0x3f800000,0x00000000
0x005505d0,0x40400000,0x40400000,0x00000000
0x005505d4,0x3f800000,0x3f800000,0x00000000
0x005505e4,0x00000000,0x00000000,0x00000000
0x005505ec,0x00000000,0x00000000,0x00000000
0x005505f0,0x00000000,0x00000000,0x00000000
0x00550658,0x00000000,0x00000000,0x00000000
0x0055067c,0x00000000,0x00000000,0x00000000
0x00550874,0x3f800000,0x3f800000,0x00000000
0x005508d4,0x3f800000,0x3f800000,0x00000000
0x00550940,0x00790c30,0x00790c30,0x00000000
0x0055094c,0x0077d840,0x0077d840,0x00000000
0x00550950,0x00000000,0x00000000,0x00000000
0x00550954,0x00000001,0x00000001,0x00000000
0x00550968,0x80000000,0x80000000,0x00000000
0x0055098c,0x00000000,0x00000000,0x00000000
0x005509a8,0x003e5260,0x003e5260,0x3f800000
0x005509ac,0x0001c000,0x0001c000,0x00000000
0x005509b0,0x00470f68,0x00470f68,0x00000000
0x005509b4,0x00000000,0x00000000,0x00000000
0x005509c8,0x00000000,0x00000000,0x00000000
0x005509d0,0x0070e6e0,0x0070e6e0,0x00000000
0x00550a1c,0x00000000,0x00000000,0x00000000
0x00550a24,0x00000000,0x00000000,0x00000000
0x00550a38,0x00000000,0x00000000,0x00000000
0x00550a48,0x00000000,0x00000000,0x00000000
0x00550a5c,0x3f800000,0x3f800000,0x00000000
0x00550a64,0x4150cccc,0x4150cccc,0x00000000
0x00550a98,0x80646464,0x80646464,0x00000000
0x00550ab0,0x00000000,0x00000000,0x00000000
0x00550ac0,0x432e7332,0x432e7332,0x3f800000
0x00550ac4,0x4150cccc,0x4150cccc,0x00000000
0x00550ac8,0x00000000,0x00000000,0x00000000
0x00550ad8,0x03e803e8,0x03e803e8,0x00000000
0x00550aec,0x00000000,0x00000000,0x00000000
0x00550af4,0x00000000,0x00000000,0x00000000
0x00550b10,0x3f800000,0x3f800000,0x00000000
0x00550b1c,0x00000000,0x00000000,0x00000000
0x00550b34,0x43cd1cba,0x43cd1cba,0x00000000
0x00550b38,0x00000000,0x00000000,0x00000000
0x00550b70,0x00000000,0x00000000,0x00000000
0x00550b8c,0x80808080,0x80808080,0x00000000
0x00550b94,0x3f800000,0x3f800000,0x00000000
0x00550bb8,0x00000000,0x00000000,0x00000000
0x00550bec,0x00000000,0x00000000,0x00000000
0x00550bf0,0x00000000,0x00000000,0x00000000
0x00550bf4,0x3f800000,0x3f800000,0x00000000
0x00550c08,0x3f800000,0x3f800000,0x00000000
0x00550c28,0x0078c910,0x0078c910,0x00000000
0x00550c60,0x00000000,0x00000000,0x3f800000
0x00550c64,0x00000000,0x00000000,0x00000000
0x00550c70,0x3f800000,0x3f800000,0x00000000
0x00550c78,0x00000000,0x00000000,0x00000000
0x00550c80,0x00000000,0x00000000,0x00000000
0x00550cac,0x3f800000,0x3f800000,0x00000000
0x00550cbc,0x00000000,0x00000000,0x00000000
0x00550cc4,0xdeaddead,0xdeaddead,0x00000000
0x00550cf8,0x00000000,0x00000000,0x00000000
0x00550d58,0x00000000,0x00000000,0x00000000
0x00550d78,0x00000000,0x00000000,0x00000000
0x00550da0,0xf830f768,0xf830f768,0x3f800000
0x00550dbc,0x00000000,0x00000000,0x00000000
0x00550dcc,0x00000000,0x00000000,0x00000000
0x00550dd4,0x00000000,0x00000000,0x00000000
0x00550e14,0x3f800000,0x3f800000,0x00000000
0x00550e80,0x3f59999a,0x3f59999a,0x00000000
0x00550e8c,0x00000000,0x00000000,0x00000000
0x00550e90,0x00000000,0x00000000,0x00000000
0x00550e94,0x00000000,0x00000000,0x00000000
0x00550ea8,0x43dc0000,0x43dc0000,0x00000000
0x00550ecc,0x000000ff,0x000000ff,0x00000000
0x00550eec,0x00000000,0x00000000,0x00000000
0x00550ef0,0x00000000,0x00000000,0x00000000
0x00550ef4,0x00000000,0x00000000,0x00000000
0x00550f08,0x00000000,0x00000000,0x00000000
0x00550f5c,0x00000004,0x00000004,0x00000000
0x00550f64,0x0000001d,0x0000001d,0x00000000
0x00550f78,0x3f800000,0x3f800000,0x00000000
0x00550f88,0x00000000,0x00000000,0x00000000
0x00550f9c,0x80000000,0x80000000,0x00000000
0x00550fa4,0x00000000,0x00000000,0x00000000
0x00551004,0xb12b510a,0xb12b510a,0x00000000
0x00551018,0x00000000,0x00000000,0x00000000
0x0055102c,0x424d3828,0x424d3828,0x00000000
0x00551034,0x6c502072,0x6c502072,0x00000000
0x00551040,0x2932ae6e,0x2932ae6e,0x3f800000
0x005510b4,0x00000000,0x00000000,0x00000000
0x005510d8,0x80646464,0x80646464,0x00000000
0x005510dc,0x00000000,0x00000000,0x00000000
0x005510f8,0x656c6f73,0x656c6f73,0x00000000
0x005510fc,0x3f80002e,0x3f80002e,0x00000000
0x00551130,0x00000000,0x00000000,0x00000000
0x00551168,0x00000000,0x00000000,0x00000000
0x00551188,0x03e803e8,0x03e803e8,0x3f800000
0x00551190,0x3f59999a,0x3f59999a,0x00000000
0x005511ac,0x00000000,0x00000000,0x00000000
0x005511b0,0x00000000,0x00000000,0x00000000
0x005511c0,0x00000000,0x00000000,0x00000000
0x005511cc,0x80808080,0x80808080,0x00000000
0x005511dc,0x000000ff,0x000000ff,0x3f800000
0x00551220,0x3f800000,0x3f800000,0x00000000
0x00551238,0x00000000,0x00000000,0x00000000
0x0055123c,0x00000000,0x00000000,0x00000000
0x00551244,0x00000000,0x00000000,0x00000000
0x00551284,0x00000000,0x00000000,0x00000000
0x005512a4,0xb12b510a,0xb12b510a,0x00000000
0x005512b8,0x00000000,0x00000000,0x00000000
0x005512cc,0x005512bc,0x005512bc,0x00000000
0x0055130c,0x00000000,0x00000000,0x00000000
0x00551310,0x00000000,0x00000000,0x00000000
0x00551314,0x00000000,0x00000000,0x00000000
0x00551318,0x00000000,0x00000000,0x00000000
0x0055131c,0x00000000,0x00000000,0x3f800000
0x00551368,0x3f800000,0x3f800000,0x00000000
0x00551378,0x80646464,0x80646464,0x00000000
0x0055137c,0x00000000,0x00000000,0x00000000
0x005513bc,0x3f800000,0x3f800000,0x00000000
0x005513c0,0x3f800000,0x3f800000,0x00000000
0x005513d4,0x00000000,0x00000000,0x00000000
0x00551430,0x3f59999a,0x3f59999a,0x00000000
0x00551434,0x3f800000,0x3f800000,0x00000000
0x00551440,0x00000000,0x00000000,0x3f800000
0x00551448,0x80808080,0x80808080,0x00000000
0x0055144c,0x00000000,0x00000000,0x00000000
0x00551450,0x00000000,0x00000000,0x00000000
0x00551458,0x41200000,0x41200000,0x00000000
0x0055148c,0x00000000,0x00000000,0x00000000
0x005514b4,0x00000000,0x00000000,0x00000000
0x005514b8,0x00000000,0x00000000,0x00000000
0x005514c8,0x00000000,0x00000000,0x00000000
0x00551500,0x4986c200,0x4986c200,0x00000000
0x00551510,0x00552aa0,0x00552aa0,0x00000000
0x00551520,0x00000000,0x00000000,0x00000000
0x00551538,0x00000000,0x00000000,0x00000000
0x00551544,0xb12b510a,0xb12b510a,0x00000000
0x00551548,0x00000000,0x00000000,0x00000000
0x0055154c,0x00000000,0x00000000,0x00000000
0x0055156c,0x0055155c,0x0055155c,0x00000000
0x005515ac,0x00000000,0x00000000,0x00000000
0x005515b0,0x00000000,0x00000000,0x00000000
0x005515fc,0x3f800000,0x3f800000,0x00000000
0x00551618,0x80646464,0x80646464,0x00000000
0x0055166c,0x00000000,0x00000000,0x00000000
0x00551674,0x00000000,0x00000000,0x00000000
0x00551688,0x00000000,0x00000000,0x00000000
0x005516b0,0x44110000,0x44110000,0x00000000
0x005516c0,0x039a1676,0x039a1676,0x00000000
0x005516cc,0x3f800000,0x3f800000,0x00000000
0x005516d4,0x3f800000,0x3f800000,0x00000000
0x005516e8,0x80808080,0x80808080,0x00000000
0x005516f0,0x00000000,0x00000000,0x00000000
0x0055173c,0x00000000,0x00000000,0x00000000
0x00551740,0x00000000,0x00000000,0x00000000
0x00551744,0x00000000,0x00000000,0x00000000
0x00551758,0x00000000,0x00000000,0x00000000
0x0055177c,0x00000000,0x00000000,0x00000000
0x00551784,0x00000000,0x00000000,0x00000000
0x005517b8,0x00000290,0x00000290,0x00000000
0x005517cc,0x00018000,0x00018000,0x00000000
0x00551814,0x00000000,0x00000000,0x00000000
0x00551824,0x003f72d0,0x003f72d0,0x3f800000
0x0055183c,0x00000000,0x00000000,0x00000000
0x0055184c,0x00000000,0x00000000,0x00000000
0x00551854,0x00000000,0x00000000,0x00000000
0x00551884,0x433e0000,0x433e0000,0x3f800000
0x00551894,0x00000000,0x00000000,0x00000000
0x00551900,0x3f800000,0x3f800000,0x00000000
0x00551910,0x00000000,0x00000000,0x00000000
0x00551914,0x00000000,0x00000000,0x00000000
0x00551928,0x00000000,0x00000000,0x00000000
0x00551960,0x0d901676,0x0d901676,0x00000000
0x00551970,0x3f59999a,0x3f59999a,0x00000000
0x00551988,0x80808080,0x80808080,0x00000000
0x00551990,0x00000000,0x00000000,0x00000000
0x00551a08,0x00000000,0x00000000,0x00000000
0x00551a0c,0x00000000,0x00000000,0x00000000
0x00551a6c,0x00011000,0x00011000,0x00000000
0x00551a84,0x5b9da842,0x5b9da842,0x00000000
0x00551a98,0x00000000,0x00000000,0x00000000
0x00551b34,0x5200dfb6,0x5200dfb6,0x00000000
0x00551ba0,0x00000000,0x00000000,0x00000000
0x00551bac,0x00000000,0x00000000,0x00000000
0x00551bb4,0x00000000,0x00000000,0x00000000
0x00551bc8,0x00000000,0x00000000,0x00000000
0x00551bf0,0x3f800000,0x3f800000,0x00000000
0x00551c00,0x00000000,0x00000000,0x00000000
0x00551c0c,0x00000000,0x00000000,0x00000000
0x00551c14,0x00000000,0x00000000,0x00000000
0x00551c18,0x00000000,0x00000000,0x00000000
0x00551c40,0x05e202a3,0x05e202a3,0x00000000
0x00551c7c,0x00000000,0x00000000,0x00000000
0x00551c84,0x00000000,0x00000000,0x00000000
0x00551c98,0x00000000,0x00000000,0x00000000
0x00551ca8,0x00000000,0x00000000,0x00000000
0x00551cac,0x00000000,0x00000000,0x00000000
0x00551cf8,0x00000000,0x00000000,0x00000000
0x00551d0c,0x000000ff,0x000000ff,0x00000000
0x00551d54,0x00000000,0x00000000,0x00000000
0x00551d7c,0x00000000,0x00000000,0x00000000
0x00551db0,0x00000000,0x00000000,0x00000000
0x00551e34,0x00000000,0x00000000,0x3f800000
0x00551e40,0x3f800000,0x3f800000,0x00000000
0x00551e4c,0x00000000,0x00000000,0x00000000
0x00551e50,0x00000000,0x00000000,0x00000000
0x00551e54,0x00000000,0x00000000,0x00000000
0x00551ea0,0x00c803e8,0x00c803e8,0x00000000
0x00551eac,0x3f800000,0x3f800000,0x00000000
0x00551eb0,0x3f59999a,0x3f59999a,0x00000000
0x00551ed0,0x00000000,0x00000000,0x00000000
0x00551ee0,0x00000000,0x00000000,0x00000000
0x00551f1c,0x00000000,0x00000000,0x00000000
0x00551f20,0x00000000,0x00000000,0x00000000
0x00551f38,0x00000000,0x00000000,0x00000000
0x00551f48,0x00000000,0x00000000,0x00000000
0x00551f4c,0x00000000,0x00000000,0x00000000
0x00551f5c,0x00000000,0x00000000,0x00000000
0x00551f64,0x00000000,0x00000000,0x00000000
0x00551fb0,0x4313e665,0x4313e665,0x00000000
0x00551fc4,0x00000000,0x00000000,0x00000000
0x00551fd8,0x00000000,0x00000000,0x00000000
0x00551fdc,0x00000001,0x00000001,0x3f800000
0x00551fe0,0x00553a60,0x00553a60,0x43a00000
0x00551fec,0x00000000,0x00000000,0x00000000
0x00551ff4,0x00000000,0x00000000,0x00000000
0x00551ff8,0x003f72d0,0x003f72d0,0x03e803e8
0x00552018,0x00000000,0x00000000,0x80808080
0x0055201c,0x00000000,0x00000000,0x00000000
0x0055202c,0x00000000,0x00000000,0x00000000
0x00552034,0x00000000,0x00000000,0x00000000
0x005520d4,0x433e0000,0x433e0000,0x3f800000
0x005520e0,0x00000000,0x00000000,0x00000000
0x005520ec,0x00000000,0x00000000,0x00000000
0x00552108,0x00000000,0x00000000,0x00000000
0x00552114,0x41a00000,0x41a00000,0x3f800000
0x0055212c,0x433e0000,0x433e0000,0x00000000
0x00552130,0x430c0000,0x430c0000,0x00000000
0x00552140,0x00000000,0x00000000,0x00000000
0x0055214c,0x00000000,0x00000000,0x00000000
0x00552150,0x0005cacf,0x0005cacf,0x00000000
0x00552170,0x00000000,0x00000000,0x00000000
0x00552180,0x43a00000,0x43a00000,0x00000000
0x005521c4,0x00000000,0x00000000,0x00000000
0x005521d8,0x00000000,0x00000000,0x00000000
0x005521fc,0x00000000,0x00000000,0x00000000
0x00552200,0x00000000,0x00000000,0x00000000
0x0055220c,0x00000000,0x00000000,0x00000000
0x00552210,0x00000000,0x00000000,0x00000000
0x00552224,0x00000000,0x00000000,0x00000000
0x00552238,0x00000000,0x00000000,0x00000000
0x0055224c,0x00000000,0x00000000,0x00000000
0x0055228c,0x00000000,0x00000000,0x00000000
0x00552290,0x00000000,0x00000000,0x00000000
0x00552294,0x00000000,0x00000000,0x00000000
0x00552298,0x003f72d0,0x003f72d0,0x00000000
0x005522a8,0x00000000,0x00000000,0x00000000
0x005522fc,0x3f428f5c,0x3f428f5c,0x00000000
0x00552300,0x00000000,0x00000000,0x00000000
0x00552318,0x00000000,0x00000000,0x00000000
0x0055231c,0x00000000,0x00000000,0x00000000
0x00552380,0x00000000,0x00000000,0x3f800000
0x00552388,0x800d677d,0x800d677d,0x00000000
0x0055238c,0x00000000,0x00000000,0x00000000
0x00552398,0x00000000,0x00000000,0x00000000
0x005523d0,0x3f800000,0x3f800000,0x00000000
0x005523e0,0x00000000,0x00000000,0x00000000
0x005523f0,0x0005cacf,0x0005cacf,0x00000000
0x005523f4,0x00000000,0x00000000,0x00000000
0x005523f8,0x00000000,0x00000000,0x00000000
0x00552420,0x43a00000,0x43a00000,0x00000000
0x00552440,0x3f800000,0x3f800000,0x00000000
0x00552444,0x3f800000,0x3f800000,0x00000000
0x005b1040,0x0001c3e4,0x0001c3e4,0x0001bb24
0x005b105c,0x00550c70,0x00550c70,0x00550010
0x006688a4,0x00000000,0x00000000,0x00000000
0x0066bbec,0x00000000,0x00000000,0x00000000
0x00699914,0x00000000,0x00000000,0x00000000
0x00699948,0x00000000,0x00000000,0x00000000
0x0069994c,0x00000000,0x00000000,0x00000000
0x00699a5c,0x00000000,0x00000000,0x00000000
0x00699a60,0x00000000,0x00000000,0x00000000
0x00699af4,0x00000000,0x00000000,0x00000000
0x00699d04,0x00000000,0x00000000,0x00000000
0x00699d50,0x00000000,0x00000000,0x00000000
0x00699d54,0x00000000,0x00000000,0x00000000
0x00699e48,0x00000000,0x00000000,0x00000000
0x00699e9c,0x00000000,0x00000000,0x00000000
0x0069a1fc,0x00000000,0x00000000,0x00000000
0x0069a280,0x006672c4,0x006672c4,0x006672c4
0x0069a3a4,0x00000000,0x00000000,0x00000000
0x0069a3a8,0x00000000,0x00000000,0x00000000
0x0069a68c,0x0077b09c,0x0077b09c,0x0077b064
0x006ae67c,0x006ae2f0,0x006ae2f0,0x006aec08
0x006aec18,0x006aed28,0x006aed28,0x006ae668
0x006b7fe8,0x00000000,0x00000000,0x00000000
0x006b85ac,0x00000000,0x00000000,0x00000000
0x006b8738,0x00000000,0x00000000,0x00000000
0x006b883c,0x006e2810,0x006e2810,0x00000000
0x006b8f28,0x00000000,0x00000000,0x00000000
0x006b9258,0x00000000,0x00000000,0x00000000
0x006d75a8,0x00000000,0x00000000,0x00000000
0x006db05c,0x006dab10,0x006dab10,0x00000000
0x006db93c,0x006e15e0,0x006e15e0,0x00000000
0x006dbac4,0xb990d003,0xb990d003,0xb990d003
0x006dbb3c,0x006e1b90,0x006e1b90,0x00000000
0x006de408,0x00000000,0x00000000,0x00000000
0x006dfb5c,0x006b88f0,0x006b88f0,0x00000000
0x006e140c,0x00000000,0x00000000,0x00000000
0x006e1518,0x00000000,0x00000000,0x00000000
0x006e16a4,0x7f261953,0x7f261953,0xd126cdf6
0x006e16a8,0x00000000,0x00000000,0x00000000
0x006e1764,0x0f187304,0x0f187304,0x40c698af
0x006e17dc,0x006b7860,0x006b7860,0x00000000
0x006e19d4,0xb3ab5ede,0xb3ab5ede,0x40c698af
0x006e1adc,0x006b8260,0x006b8260,0x00000000
0x006e1b5c,0x006e1a00,0x006e1a00,0x00000000
0x006e1b9c,0x006b9130,0x006b9130,0x00000000
0x006e1cf8,0x00000000,0x00000000,0x00000000
0x006e1e4c,0x006dbad0,0x006dbad0,0x00000000
0x006e2824,0xd08f68b7,0xd08f68b7,0x00000000
0x006e2844,0x16d20917,0x16d20917,0x00000000
0x006e286c,0x006b85a0,0x006b85a0,0x00000000
0x0070b988,0x0000b930,0x0000b930,0x0000b990
0x0070b998,0x0000b940,0x0000b940,0x0000b9a0
0x0070e61c,0x00000000,0x00000000,0x00000000
0x0070e6a8,0x0070eb70,0x0070eb70,0x0070d428
0x0070e864,0x00000000,0x00000000,0x00000000
0x0070ea04,0x00000000,0x00000000,0x00000000
0x0070ea54,0x00000000,0x00000000,0x00000000
0x0070ead4,0x00000000,0x00000000,0x00000000
0x0070eb1c,0x006b8a80,0x006b8a80,0x00000000
0x0070eb34,0x00000000,0x00000000,0x00000000
0x0070eb84,0x00000000,0x00000000,0x00000000
0x0070eb8c,0x00000000,0x00000000,0x00000000
0x0070ebc4,0x00000000,0x00000000,0x00000000
0x0070ec1c,0x00000000,0x00000000,0x00000000
0x00716870,0x00716880,0x00716880,0x00716880
0x00716874,0x3d810279,0x3d810279,0x3d810279
0x00716878,0xbf63279a,0xbf63279a,0xbf63279a
0x0071687c,0xbdfc2dae,0xbdfc2dae,0xbdfc2dae
0x00716884,0x418c0000,0x418c0000,0x418c0000
0x00716888,0xc1dccccd,0xc1dccccd,0xc1dccccd
0x0071688c,0xc479f333,0xc479f333,0xc479f333
0x00717470,0x00717480,0x00717480,0x00717480
0x00717480,0x00717410,0x00717410,0x00717490
0x00717490,0x00717470,0x00717470,0x007174a0
0x00719a28,0x43d50000,0x43d50000,0x3f800000
0x00719aa8,0x3f800000,0x3f800000,0x3f800000
0x00719aac,0x3f800000,0x3f800000,0x3f800000
0x00719b38,0x42040000,0x42040000,0x42900000
0x00719b3c,0x3f800000,0x3f800000,0x41a80000
0x00719b84,0x41200000,0x41200000,0x41900000
0x00719bc4,0x00719ae0,0x00719ae0,0x00719bb8
0x00719c00,0x00719c18,0x00719c18,0x00719c0c
0x00719c3c,0x00719bb8,0x00719bb8,0x00719c48
0x0071c10c,0x00000000,0x00000000,0x00000000
0x0071c110,0x00000000,0x00000000,0x00000000
0x0071c1e0,0x0071c1ec,0x0071c1ec,0x0071c1ec
0x0072dadc,0x00000001,0x00000001,0x00000001
0x0072e4f4,0x00000000,0x00000000,0x00000000
0x0072e4f8,0x00000000,0x00000000,0x00000000
0x0072e500,0x00000000,0x00000000,0x00000000
0x0072e5a0,0x00000000,0x00000000,0x00000000
0x0072e5a4,0x00000000,0x00000000,0x00000000
0x0072e5a8,0x00000000,0x00000000,0x00000000
0x0072e5ac,0x00000000,0x00000000,0x00000000
0x0072e5c4,0x00000000,0x00000000,0x00000000
0x0072e5d8,0x003f72d0,0x003f72d0,0x003f72d0
0x0072e8dc,0x00000000,0x00000000,0x00000000
0x0072e8e8,0x0070b340,0x0070b340,0x00000000
0x0072e8f0,0x0070eb18,0x0070eb18,0x00000000
0x0072e990,0x00549430,0x00549430,0x00000000
0x0072e994,0x00000000,0x00000000,0x00000000
0x0072e998,0x00471004,0x00471004,0x00000000
0x0072e99c,0x3c5bdad7,0x3c5bdad7,0x00000000
0x0072e9b4,0x00000000,0x00000000,0x00000000
0x00736a88,0x005497a4,0x005497a4,0x00000000
0x00736bd0,0x00000000,0x00000000,0x00000000
0x00736bd4,0x00000000,0x00000000,0x00000000
0x00736bdc,0x00000000,0x00000000,0x00000000
0x00736c7c,0x00000000,0x00000000,0x00000000
0x00736c80,0x00000000,0x00000000,0x00000000
0x00736c84,0x00000000,0x00000000,0x00000000
0x00736c88,0x00000000,0x00000000,0x00000000
0x00736ca0,0x00000000,0x00000000,0x00000000
0x00736cc4,0x00739124,0x00739124,0x00000000
0x00736ce0,0x00000000,0x00000000,0x00000000
0x00736ce4,0x00000000,0x00000000,0x00000000
0x00736ce8,0x00000000,0x00000000,0x00000000
0x00736cfc,0x00000000,0x00000000,0x00000000
0x00736d00,0x00000000,0x00000000,0x00000000
0x00736d04,0x00000000,0x00000000,0x00000000
0x00736d0c,0x00000000,0x00000000,0x00000000
0x00736d28,0x00000000,0x00000000,0x00000000
0x00736d2c,0x00000000,0x00000000,0x00000000
0x00736d30,0x00000000,0x00000000,0x00000000
0x00736d38,0x00000000,0x00000000,0x00000000
0x00736d88,0x00000000,0x00000000,0x00000000
0x00736d8c,0x00000000,0x00000000,0x00000000
0x00738e3c,0x00000000,0x00000000,0x00000000
0x0077a70c,0x007dbe18,0x007dbe18,0x007a5258
0x0077bad8,0x00000000,0x00000000,0x00000000
0x0077bb00,0x0077bad0,0x0077bad0,0x0077bad0
0x00787594,0x006f0000,0x006f0000,0x00000000
0x007875dc,0x00000009,0x00000009,0x00000000
0x007875ec,0xbf007265,0xbf007265,0x00000000
0x007a5268,0x003ec120,0x003ec120,0x0077a700
0x007a5278,0x3f800000,0x3f800000,0x00000000
0x007d3200,0x22a9dcad,0x22a9dcad,0x00000000
0x007d3204,0xecc2c983,0xecc2c983,0x00000000
0x007d3208,0x0ceee610,0x0ceee610,0x00000000
0x007d320c,0x12c2ae08,0x12c2ae08,0x00000000
0x007d3244,0x007d3268,0x007d3268,0x007d3268
0x007d355c,0x007d3580,0x007d3580,0x007d3580
0x007df8cc,0x20647261,0x20647261,0x00000000
0x007df8dc,0x74537961,0x74537961,0x00000000
0x007df8e4,0x2932ae6e,0x2932ae6e,0x00000000
0x007ef41c,0x00000000,0x00000000,0x00000000
0x007ef794,0xbf800000,0xbf800000,0x00000000
0x007ef798,0x00000000,0x00000000,0x00000000
0x007ef924,0x00000000,0x00000000,0x00000000
0x007ef95c,0x00000000,0x00000000,0x00000000
0x007ef994,0x00000000,0x00000000,0x00000000
0x007ef9cc,0x007ec968,0x007ec968,0x00000000
0x007efa04,0x00000000,0x00000000,0x00000000
0x007efa3c,0x00000000,0x00000000,0x00000000
0x007efa74,0x00000000,0x00000000,0x00000000
0x007efa8c,0x00000000,0x00000000,0x00000000
0x007efa90,0x00000000,0x00000000,0x00000000
0x007efa94,0x00000000,0x00000000,0x00000000
0x007efa98,0x00000000,0x00000000,0x00000000
0x007efb8c,0x00000000,0x00000000,0x00000000
0x007f007c,0x00000000,0x00000000,0x00000000
0x007f7714,0x00000000,0x00000000,0x00000000
0x007f7718,0x3f7b3031,0x3f7b3031,0x00000000
0x007f7720,0x00000000,0x00000000,0x00000000
0x007f7724,0x3f800000,0x3f800000,0x00000000
0x007f7728,0x00000000,0x00000000,0x00000000
0x007f772c,0x00000000,0x00000000,0x00000000
0x007f77ac,0x00000000,0x00000000,0x00000000
0x007f77b0,0x00000000,0x00000000,0x00000000
0x0080f1e0,0x00000001,0x00000001,0x00000001
0x0080f250,0x00810730,0x00810730,0x00000000
0x00810134,0x3f800000,0x3f800000,0x3f800000
0x00810138,0x3f800000,0x3f800000,0x3f800000
0x00810148,0x80646464,0x80646464,0x80808080
0x0081018c,0x3f800000,0x3f800000,0x3f800000
0x00810190,0x3f800000,0x3f800000,0x3f800000
0x00810220,0x0082b540,0x0082b540,0x00000000
0x00810260,0x00000001,0x00000001,0x00000001
0x00824ce0,0x00824c80,0x00824c80,0x00824d40
0x0082c150,0x00000000,0x00000000,0x00000000
0x00852b84,0x007df000,0x007df000,0x007defa8
0x00853380,0x00000001,0x00000001,0x00000001
0x00853384,0x00829e88,0x00829e88,0x00829e1c
0x00871efc,0x00000061,0x00000061,0x00000000
0x008f836c,0x00000061,0x00000061,0x00000000
0x00b00068,0x00000001,0x00000001,0x00000001
0x00b00070,0x00000001,0x00000001,0x00000001
0x00b00074,0x00000001,0x00000001,0x00000001
0x00b00078,0x00000001,0x00000001,0x00000001
0x00b0007c,0x00000001,0x00000001,0x00000001
0x00b00080,0x00000001,0x00000001,0x00000001
0x00b00088,0x00000001,0x00000001,0x00000001
0x00b0008c,0x00000001,0x00000001,0x00000001
0x00b00090,0x00000001,0x00000001,0x00000001
0x00b0009c,0x00000001,0x00000001,0x00000001
0x00b000a0,0x00000001,0x00000001,0x00000001
0x00b000a4,0x00000001,0x00000001,0x00000001
0x00b000a8,0x00000001,0x00000001,0x00000001
0x00b000b0,0x00000001,0x00000001,0x00000001
0x00b000b4,0x00000001,0x00000001,0x00000001
0x00b000b8,0x00000001,0x00000001,0x00000001
0x00b000bc,0x00000001,0x00000001,0x00000001
0x00b000c0,0x00000001,0x00000001,0x00000001
0x00b000c8,0x00000001,0x00000001,0x00000001
0x00b000cc,0x00000001,0x00000001,0x00000001
0x00b000d0,0x00000001,0x00000001,0x00000001
0x00b000d4,0x00000001,0x00000001,0x00000001
0x00b000d8,0x00000001,0x00000001,0x00000001
0x00b000dc,0x00000001,0x00000001,0x00000001
0x00b000e0,0x00000001,0x00000001,0x00000001
0x00b000e4,0x00000001,0x00000001,0x00000001
0x00b000ec,0x00000001,0x00000001,0x00000001
0x00b000f0,0x00000001,0x00000001,0x00000001
0x00b000f4,0x00000001,0x00000001,0x00000001
0x00c2c1d0,0x953ccc00,0x953ccc00,0x953ccc00
0x00c3d180,0x00000000,0x00000000,0x00000000
0x00c3d1c4,0x00000001,0x00000001,0x00000001
0x00c3d298,0x00c3e758,0x00c3e758,0x00c3d1dc
0x00c3e2c4,0x3f800000,0x3f800000,0x3f800000
0x00c3e2c8,0x3f800000,0x3f800000,0x3f800000
0x00c3e2e4,0x80646464,0x80646464,0x80808080
0x00c3e328,0x3f800000,0x3f800000,0x3f800000
0x00c3e32c,0x3f800000,0x3f800000,0x3f800000
0x00c3e3dc,0x008249e0,0x008249e0,0x00000000
0x00c3e440,0x00000000,0x00000000,0x00000000
0x00c3e484,0x00000001,0x00000001,0x00000001
